﻿<?xml version="1.0" encoding="utf-8"?>
<Questionnaire Text="BIPA MENUISERIE" Tag="P;Questionnaire" Name="Questionnaire">
    <Questionnaire_Generalites Text="Généralités" Tag="P;Questionnaire_Generalites" Name="">
        <Questionnaire_Intitule Text="Intitulé : BIPA MENUISERIE" Tag="V;Questionnaire_Intitule;BIPA MENUISERIE" Name="">BIPA MENUISERIE</Questionnaire_Intitule>
        <Questionnaire_Auteur Text="Auteur(s) : Koffi NIAMKEY - Développeur Système Informations - koffi.niamkey@bipa.fr" Tag="V;Questionnaire_Auteur;Koffi NIAMKEY - Développeur Système Informations - koffi.niamkey@bipa.fr" Name="">Koffi NIAMKEY - Développeur Système Informations - koffi.niamkey@bipa.fr</Questionnaire_Auteur>
        <Questionnaire_Versionappli Text="Version application : 2.3.6" Tag="V;Questionnaire_Versionappli;2.3.6" Name="">2.3.6</Questionnaire_Versionappli>
        <Questionnaire_Datecreation Text="Date creation : 20/07/2023 15:13:15" Tag="V;Questionnaire_Datecreation;20/07/2023 15:13:15" Name="">20/07/2023 15:13:15</Questionnaire_Datecreation>
        <Questionnaire_Datemaj Text="Date maj : 20/07/2023 15:37:21" Tag="V;Questionnaire_Datemaj;20/07/2023 15:43:56" Name="">20/07/2023 15:43:56</Questionnaire_Datemaj>
    </Questionnaire_Generalites>
    <Questionnaire_Commentaires Text="Commentaires" Tag="V;Questionnaire_Commentaires;" Name="" />
    <Niveau Text="Repère" Tag="P;Niveau" Name="O">
        <Niveau_Generalites Text="Généralités" Tag="P;Niveau_Generalites" Name="">
            <Niveau_Intitule_affiche Text="Intitulé affiché : Repère" Tag="V;Niveau_Intitule_affiche;Repère" Name="">Repère</Niveau_Intitule_affiche>
        </Niveau_Generalites>
        <Questions Text="Questions" Tag="P;Questions" Name="">
            <Question Text="Repère [rub: Aucune]" Tag="P;Question;Repère;;;;;;O;;" Name="N;N">
                <Question_Generalites Text="Généralités" Tag="P;Question_Generalites" Name="">
                    <Question_Intitule_affiche Text="Intitulé affiché : Repère" Tag="V;Question_Intitule_affiche;Repère" Name="">Repère</Question_Intitule_affiche>
                    <Question_Type_question Text="Type question : deroulante_texte" Tag="V;Question_Type_question;deroulante_texte" Name="">deroulante_texte</Question_Type_question>
                    <Question_Affichage_commande Text="Affichée en commande : Oui" Tag="V;Question_Affichage_commande;Oui" Name="">Oui</Question_Affichage_commande>
                    <Question_Reponse_obligatoire_commande Text="Réponse obligatoire : Oui" Tag="V;Question_Reponse_obligatoire_commande;Oui" Name="">Oui</Question_Reponse_obligatoire_commande>
                    <Question_Affichage_chiffrage Text="Affichée en chiffrage : Oui" Tag="V;Question_Affichage_chiffrage;Oui" Name="">Oui</Question_Affichage_chiffrage>
                    <Question_Reponse_obligatoire_chiffrage Text="Réponse obligatoire : Oui" Tag="V;Question_Reponse_obligatoire_chiffrage;Oui" Name="">Oui</Question_Reponse_obligatoire_chiffrage>
                    <Question_Question_masquee Text="Question masquée : Non" Tag="V;Question_Question_masquee;Non" Name="">Non</Question_Question_masquee>
                    <Question_Question_affiche Text="Question affichée : Non" Tag="V;Question_Question_affiche;Non" Name="">Non</Question_Question_affiche>
                    <Question_Reponse_descriptif Text="Réponse conservée dans descriptif panier: Oui" Tag="V;Question_Reponse_descriptif;Oui" Name="">Oui</Question_Reponse_descriptif>
                </Question_Generalites>
            </Question>
        </Questions>
    </Niveau>
    <Niveau Text="Collection" Tag="P;Niveau" Name="O">
        <Niveau_Generalites Text="Généralités" Tag="P;Niveau_Generalites" Name="">
            <Niveau_Intitule_affiche Text="Intitulé affiché : Collection" Tag="V;Niveau_Intitule_affiche;Collection" Name="">Collection</Niveau_Intitule_affiche>
        </Niveau_Generalites>
        <Questions Text="Questions" Tag="P;Questions" Name="">
            <Question Text="Collection [ Q01 ] $ C01 $" Tag="P;Question;Collection;Q01;;;C01;;;;" Name="O;O">
                <Question_Generalites Text="Généralités" Tag="P;Question_Generalites" Name="">
                    <Question_Intitule_affiche Text="Intitulé affiché : Collection" Tag="V;Question_Intitule_affiche;Collection" Name="">Collection</Question_Intitule_affiche>
                    <Question_Type_question Text="Type question : deroulante_images" Tag="V;Question_Type_question;deroulante_images" Name="">deroulante_images</Question_Type_question>
                    <Question_Affichage_commande Text="Affichée en commande : Oui" Tag="V;Question_Affichage_commande;Oui" Name="">Oui</Question_Affichage_commande>
                    <Question_Reponse_obligatoire_commande Text="Réponse obligatoire : Oui" Tag="V;Question_Reponse_obligatoire_commande;Oui" Name="">Oui</Question_Reponse_obligatoire_commande>
                    <Question_Affichage_chiffrage Text="Affichée en chiffrage : Oui" Tag="V;Question_Affichage_chiffrage;Oui" Name="">Oui</Question_Affichage_chiffrage>
                    <Question_Reponse_obligatoire_chiffrage Text="Réponse obligatoire : Oui" Tag="V;Question_Reponse_obligatoire_chiffrage;Oui" Name="">Oui</Question_Reponse_obligatoire_chiffrage>
                    <Question_Question_masquee Text="Question masquée : Non" Tag="V;Question_Question_masquee;Non" Name="">Non</Question_Question_masquee>
                    <Question_Question_affiche Text="Question affichée : Non" Tag="V;Question_Question_affiche;Non" Name="">Non</Question_Question_affiche>
                    <Question_Reponse_descriptif Text="Réponse conservée dans descriptif panier: Oui" Tag="V;Question_Reponse_descriptif;Oui" Name="">Oui</Question_Reponse_descriptif>
                </Question_Generalites>
                <Question_Technique Text="Technique" Tag="P;Question_Technique" Name="N;N;O;N;N;N">
                    <Question_Variables Text="Variables" Tag="P;Question_Variables" Name="O;N;N;O;N">
                        <Question_Variable_condition Text="Variable condition : Q01" Tag="V;Question_Variable_condition;Q01" Name="">Q01</Question_Variable_condition>
                        <Question_Variable_chiffrage Text="Variable chiffrage : C01" Tag="V;Question_Variable_chiffrage;C01" Name="">C01</Question_Variable_chiffrage>
                    </Question_Variables>
                </Question_Technique>
                <Reponses Text="Réponses" Tag="P;Reponses" Name="N;N;N">
                    <Reponse Text="LUMUP Prestige [ LP ]" Tag="P;Reponse;LUMUP Prestige;LP;;;" Name="N;O">
                        <Reponse_Generalites Text="Généralités" Tag="P;Reponse_Generalites" Name="">
                            <Reponse_Intitule_affiche Text="Intitulé affiché : LUMUP Prestige" Tag="V;Reponse_Intitule_affiche;LUMUP Prestige" Name="">LUMUP Prestige</Reponse_Intitule_affiche>
                            <Reponse_Intitule_edite Text="Intitulé édité : LUMUP Prestige" Tag="V;Reponse_Intitule_edite;LUMUP Prestige" Name="">LUMUP Prestige</Reponse_Intitule_edite>
                            <Reponse_Fichier_image Text="Fichier image : /_COMMUN/COLLECTIONS/LUMUP_PRESTIGE.png" Tag="V;Reponse_Fichier_image;/_COMMUN/COLLECTIONS/LUMUP_PRESTIGE.png" Name="">/_COMMUN/COLLECTIONS/LUMUP_PRESTIGE.png</Reponse_Fichier_image>
                            <Reponse_Reponse_defaut Text="Réponse par defaut : Non" Tag="V;Reponse_Reponse_defaut;Non" Name="">Non</Reponse_Reponse_defaut>
                            <Reponse_Edition_facultative Text="Edition_facultative : Non" Tag="V;Reponse_Edition_facultative;Non" Name="">Non</Reponse_Edition_facultative>
                            <Reponse_Exception_coop Text="Exception_coop : Non" Tag="V;Reponse_Exception_coop;Non" Name="">Non</Reponse_Exception_coop>
                        </Reponse_Generalites>
                        <Reponse_Technique Text="Technique" Tag="P;Reponse_Technique" Name="N;N;O;N;N">
                            <Reponse_Valeurs Text="Valeurs" Tag="P;Reponse_Valeurs" Name="O;N;N;N">
                                <Reponse_Valeur_condition Text="Valeur condition : LP" Tag="V;Reponse_Valeur_condition;LP" Name="">LP</Reponse_Valeur_condition>
                            </Reponse_Valeurs>
                        </Reponse_Technique>
                    </Reponse>
                    <Reponse Text="LUMUP Essentielle [ LE ]" Tag="P;Reponse;LUMUP Essentielle;LE;;;" Name="N;O;N">
                        <Reponse_Generalites Text="Généralités" Tag="P;Reponse_Generalites" Name="">
                            <Reponse_Intitule_affiche Text="Intitulé affiché : LUMUP Essentielle" Tag="V;Reponse_Intitule_affiche;LUMUP Essentielle" Name="">LUMUP Essentielle</Reponse_Intitule_affiche>
                            <Reponse_Intitule_edite Text="Intitulé édité : LUMUP Essentielle" Tag="V;Reponse_Intitule_edite;LUMUP Essentielle" Name="">LUMUP Essentielle</Reponse_Intitule_edite>
                            <Reponse_Fichier_image Text="Fichier image : /_COMMUN/COLLECTIONS/LUMUP_ESSENTIELLE.png" Tag="V;Reponse_Fichier_image;/_COMMUN/COLLECTIONS/LUMUP_ESSENTIELLE.png" Name="">/_COMMUN/COLLECTIONS/LUMUP_ESSENTIELLE.png</Reponse_Fichier_image>
                            <Reponse_Reponse_defaut Text="Réponse par defaut : Non" Tag="V;Reponse_Reponse_defaut;Non" Name="">Non</Reponse_Reponse_defaut>
                            <Reponse_Edition_facultative Text="Edition_facultative : Non" Tag="V;Reponse_Edition_facultative;Non" Name="">Non</Reponse_Edition_facultative>
                            <Reponse_Exception_coop Text="Exception_coop : Non" Tag="V;Reponse_Exception_coop;Non" Name="">Non</Reponse_Exception_coop>
                        </Reponse_Generalites>
                        <Reponse_Technique Text="Technique" Tag="P;Reponse_Technique" Name="N;N;O;N;N">
                            <Reponse_Valeurs Text="Valeurs" Tag="P;Reponse_Valeurs" Name="O;N;N;N">
                                <Reponse_Valeur_condition Text="Valeur condition : LE" Tag="V;Reponse_Valeur_condition;LE" Name="">LE</Reponse_Valeur_condition>
                            </Reponse_Valeurs>
                        </Reponse_Technique>
                    </Reponse>
                    <Reponse Text="SOFT Prestige [ SP ]" Tag="P;Reponse;SOFT Prestige;SP;;;" Name="N;O;N">
                        <Reponse_Generalites Text="Généralités" Tag="P;Reponse_Generalites" Name="">
                            <Reponse_Intitule_affiche Text="Intitulé affiché : SOFT Prestige" Tag="V;Reponse_Intitule_affiche;SOFT Prestige" Name="">SOFT Prestige</Reponse_Intitule_affiche>
                            <Reponse_Intitule_edite Text="Intitulé édité : SOFT Prestige" Tag="V;Reponse_Intitule_edite;SOFT Prestige" Name="">SOFT Prestige</Reponse_Intitule_edite>
                            <Reponse_Fichier_image Text="Fichier image : /_COMMUN/COLLECTIONS/SOFT_PRESTIGE.png" Tag="V;Reponse_Fichier_image;/_COMMUN/COLLECTIONS/SOFT_PRESTIGE.png" Name="">/_COMMUN/COLLECTIONS/SOFT_PRESTIGE.png</Reponse_Fichier_image>
                            <Reponse_Reponse_defaut Text="Réponse par defaut : Non" Tag="V;Reponse_Reponse_defaut;Non" Name="">Non</Reponse_Reponse_defaut>
                            <Reponse_Edition_facultative Text="Edition_facultative : Non" Tag="V;Reponse_Edition_facultative;Non" Name="">Non</Reponse_Edition_facultative>
                            <Reponse_Exception_coop Text="Exception_coop : Non" Tag="V;Reponse_Exception_coop;Non" Name="">Non</Reponse_Exception_coop>
                        </Reponse_Generalites>
                        <Reponse_Technique Text="Technique" Tag="P;Reponse_Technique" Name="N;N;O;N;N">
                            <Reponse_Valeurs Text="Valeurs" Tag="P;Reponse_Valeurs" Name="O;N;N;N">
                                <Reponse_Valeur_condition Text="Valeur condition : SP" Tag="V;Reponse_Valeur_condition;SP" Name="">SP</Reponse_Valeur_condition>
                            </Reponse_Valeurs>
                        </Reponse_Technique>
                    </Reponse>
                    <Reponse Text="SOFT Essentielle [ SE ]" Tag="P;Reponse;SOFT Essentielle;SE;;;" Name="N;O;N">
                        <Reponse_Generalites Text="Généralités" Tag="P;Reponse_Generalites" Name="">
                            <Reponse_Intitule_affiche Text="Intitulé affiché : SOFT Essentielle" Tag="V;Reponse_Intitule_affiche;SOFT Essentielle" Name="">SOFT Essentielle</Reponse_Intitule_affiche>
                            <Reponse_Intitule_edite Text="Intitulé édité : SOFT Essentielle" Tag="V;Reponse_Intitule_edite;SOFT Essentielle" Name="">SOFT Essentielle</Reponse_Intitule_edite>
                            <Reponse_Fichier_image Text="Fichier image : /_COMMUN/COLLECTIONS/LUMUP_ESSENTIELLE.png" Tag="V;Reponse_Fichier_image;/_COMMUN/COLLECTIONS/LUMUP_ESSENTIELLE.png" Name="">/_COMMUN/COLLECTIONS/LUMUP_ESSENTIELLE.png</Reponse_Fichier_image>
                            <Reponse_Reponse_defaut Text="Réponse par defaut : Non" Tag="V;Reponse_Reponse_defaut;Non" Name="">Non</Reponse_Reponse_defaut>
                            <Reponse_Edition_facultative Text="Edition_facultative : Non" Tag="V;Reponse_Edition_facultative;Non" Name="">Non</Reponse_Edition_facultative>
                            <Reponse_Exception_coop Text="Exception_coop : Non" Tag="V;Reponse_Exception_coop;Non" Name="">Non</Reponse_Exception_coop>
                        </Reponse_Generalites>
                        <Reponse_Technique Text="Technique" Tag="P;Reponse_Technique" Name="N;N;O;N;N">
                            <Reponse_Valeurs Text="Valeurs" Tag="P;Reponse_Valeurs" Name="O;N;N;N">
                                <Reponse_Valeur_condition Text="Valeur condition : SE" Tag="V;Reponse_Valeur_condition;SE" Name="">SE</Reponse_Valeur_condition>
                            </Reponse_Valeurs>
                        </Reponse_Technique>
                    </Reponse>
                </Reponses>
            </Question>
        </Questions>
    </Niveau>
</Questionnaire>