﻿<?xml version="1.0" encoding="utf-8"?>
<Questionnaire Text="BIPA FORMATION" Tag="P;Questionnaire" Name="Questionnaire">
    <Questionnaire_Generalites Text="Généralités" Tag="P;Questionnaire_Generalites" Name="">
        <Questionnaire_Intitule Text="Intitulé : BIPA FORMATION" Tag="V;Questionnaire_Intitule;BIPA FORMATION" Name="">BIPA FORMATION</Questionnaire_Intitule>
        <Questionnaire_Auteur Text="Auteur(s) : Koffi NIAMKEY" Tag="V;Questionnaire_Auteur;Koffi NIAMKEY" Name="">Koffi NIAMKEY</Questionnaire_Auteur>
        <Questionnaire_Versionappli Text="Version application : 2.3.6" Tag="V;Questionnaire_Versionappli;2.3.6" Name="">2.3.6</Questionnaire_Versionappli>
        <Questionnaire_Datecreation Text="Date creation : 11/07/2023 09:27:52" Tag="V;Questionnaire_Datecreation;11/07/2023 09:27:52" Name="">11/07/2023 09:27:52</Questionnaire_Datecreation>
        <Questionnaire_Datemaj Text="Date maj : 20/07/2023 15:30:15" Tag="V;Questionnaire_Datemaj;20/07/2023 15:32:38" Name="">20/07/2023 15:32:38</Questionnaire_Datemaj>
    </Questionnaire_Generalites>
    <Questionnaire_Commentaires Text="Commentaires" Tag="V;Questionnaire_Commentaires;" Name="" />
    <Niveau Text="Repère" Tag="P;Niveau" Name="O">
        <Niveau_Generalites Text="Généralités" Tag="P;Niveau_Generalites" Name="">
            <Niveau_Intitule_affiche Text="Intitulé affiché : Repère" Tag="V;Niveau_Intitule_affiche;Repère" Name="">Repère</Niveau_Intitule_affiche>
        </Niveau_Generalites>
        <Questions Text="Questions" Tag="P;Questions" Name="">
            <Question Text="Repère [rub: Aucune]" Tag="P;Question;Repère;;;;;;O;;" Name="N;N">
                <Question_Generalites Text="Généralités" Tag="P;Question_Generalites" Name="">
                    <Question_Intitule_affiche Text="Intitulé affiché : Repère" Tag="V;Question_Intitule_affiche;Repère" Name="">Repère</Question_Intitule_affiche>
                    <Question_Type_question Text="Type question : zone_texte" Tag="V;Question_Type_question;zone_texte" Name="">zone_texte</Question_Type_question>
                    <Question_Zone_texte_nbcarac Text="Nb caractères : 15" Tag="V;Question_Zone_texte_nbcarac;15" Name="">15</Question_Zone_texte_nbcarac>
                    <Question_Affichage_commande Text="Affichée en commande : Oui" Tag="V;Question_Affichage_commande;Oui" Name="">Oui</Question_Affichage_commande>
                    <Question_Reponse_obligatoire_commande Text="Réponse obligatoire : Oui" Tag="V;Question_Reponse_obligatoire_commande;Oui" Name="">Oui</Question_Reponse_obligatoire_commande>
                    <Question_Affichage_chiffrage Text="Affichée en chiffrage : Oui" Tag="V;Question_Affichage_chiffrage;Oui" Name="">Oui</Question_Affichage_chiffrage>
                    <Question_Reponse_obligatoire_chiffrage Text="Réponse obligatoire : Oui" Tag="V;Question_Reponse_obligatoire_chiffrage;Oui" Name="">Oui</Question_Reponse_obligatoire_chiffrage>
                    <Question_Question_masquee Text="Question masquée : Non" Tag="V;Question_Question_masquee;Non" Name="">Non</Question_Question_masquee>
                    <Question_Question_affiche Text="Question affichée : Non" Tag="V;Question_Question_affiche;Non" Name="">Non</Question_Question_affiche>
                    <Question_Reponse_descriptif Text="Réponse conservée dans descriptif panier: Oui" Tag="V;Question_Reponse_descriptif;Oui" Name="">Oui</Question_Reponse_descriptif>
                </Question_Generalites>
            </Question>
        </Questions>
    </Niveau>
    <Niveau Text="Gamme" Tag="P;Niveau" Name="O">
        <Niveau_Generalites Text="Généralités" Tag="P;Niveau_Generalites" Name="">
            <Niveau_Intitule_affiche Text="Intitulé affiché : Gamme" Tag="V;Niveau_Intitule_affiche;Gamme" Name="">Gamme</Niveau_Intitule_affiche>
        </Niveau_Generalites>
        <Questions Text="Questions" Tag="P;Questions" Name="">
            <Question Text="Gamme [rub: Aucune]  [ Q01 ] $ C01 $" Tag="P;Question;Gamme;Q01;;;C01;;O;;" Name="O;O">
                <Question_Generalites Text="Généralités" Tag="P;Question_Generalites" Name="">
                    <Question_Intitule_affiche Text="Intitulé affiché : Gamme" Tag="V;Question_Intitule_affiche;Gamme" Name="">Gamme</Question_Intitule_affiche>
                    <Question_Type_question Text="Type question : zone_texte_var" Tag="V;Question_Type_question;zone_texte_var" Name="">zone_texte_var</Question_Type_question>
                    <Question_Zone_texte_nbcarac Text="Nb caractères : 15" Tag="V;Question_Zone_texte_nbcarac;15" Name="">15</Question_Zone_texte_nbcarac>
                    <Question_Affichage_commande Text="Affichée en commande : Oui" Tag="V;Question_Affichage_commande;Oui" Name="">Oui</Question_Affichage_commande>
                    <Question_Reponse_obligatoire_commande Text="Réponse obligatoire : Oui" Tag="V;Question_Reponse_obligatoire_commande;Oui" Name="">Oui</Question_Reponse_obligatoire_commande>
                    <Question_Affichage_chiffrage Text="Affichée en chiffrage : Oui" Tag="V;Question_Affichage_chiffrage;Oui" Name="">Oui</Question_Affichage_chiffrage>
                    <Question_Reponse_obligatoire_chiffrage Text="Réponse obligatoire : Oui" Tag="V;Question_Reponse_obligatoire_chiffrage;Oui" Name="">Oui</Question_Reponse_obligatoire_chiffrage>
                    <Question_Question_masquee Text="Question maquée : Non" Tag="V;Question_Question_masquee;Non" Name="">Non</Question_Question_masquee>
                    <Question_Question_affiche Text="Question affichée : Non" Tag="V;Question_Question_affiche;Non" Name="">Non</Question_Question_affiche>
                    <Question_Reponse_Default Text="Question_Reponse_Default : R01" Tag="V;Question_Reponse_Default;R01" Name="">R01</Question_Reponse_Default>
                    <Question_Reponse_descriptif Text="Réponse conservée dans descriptif panier: Oui" Tag="V;Question_Reponse_descriptif;Oui" Name="">Oui</Question_Reponse_descriptif>
                    <Question_Fichier_aide Text="Fichier aide : /BIPA/GAMME_ONE/aides/RESERVATION.pdf" Tag="V;Question_Fichier_aide;/BIPA/GAMME_ONE/aides/RESERVATION.pdf" Name="">/BIPA/GAMME_ONE/aides/RESERVATION.pdf</Question_Fichier_aide>
                </Question_Generalites>
                <Reponses Text="Réponses" Tag="P;Reponses" Name="N;N;N">
                    <Reponse Text="Bipa Orcab [ orcab ]" Tag="P;Reponse;Bipa Orcab;orcab;;;" Name="N;O;N">
                        <Reponse_Generalites Text="Généralités" Tag="P;Reponse_Generalites" Name="">
                            <Reponse_Intitule_affiche Text="Intitulé affiché : Bipa Orcab" Tag="V;Reponse_Intitule_affiche;Bipa Orcab" Name="">Bipa Orcab</Reponse_Intitule_affiche>
                            <Reponse_Intitule_edite Text="Intitulé édité : Bipa Orcab" Tag="V;Reponse_Intitule_edite;Bipa Orcab" Name="">Bipa Orcab</Reponse_Intitule_edite>
                            <Reponse_Fichier_image Text="Fichier image : /BIPA/SOFT/Produits/Sunbury_D.jpg" Tag="V;Reponse_Fichier_image;/BIPA/SOFT/Produits/Sunbury_D.jpg" Name="">/BIPA/SOFT/Produits/Sunbury_D.jpg</Reponse_Fichier_image>
                            <Reponse_Fichier_dessin Text="Fichier dessin : /BIPA/SOFT/Produits/FIXE1.PNG" Tag="V;Reponse_Fichier_dessin;/BIPA/SOFT/Produits/FIXE1.PNG" Name="">/BIPA/SOFT/Produits/FIXE1.PNG</Reponse_Fichier_dessin>
                            <Reponse_Reponse_defaut Text="Réponse par defaut : Non" Tag="V;Reponse_Reponse_defaut;Non" Name="">Non</Reponse_Reponse_defaut>
                            <Reponse_Edition_facultative Text="Edition_facultative : Non" Tag="V;Reponse_Edition_facultative;Non" Name="">Non</Reponse_Edition_facultative>
                            <Reponse_Exception_coop Text="Exception_coop : Non" Tag="V;Reponse_Exception_coop;Non" Name="">Non</Reponse_Exception_coop>
                        </Reponse_Generalites>
                        <Reponse_Technique Text="Technique" Tag="P;Reponse_Technique" Name="N;N;O;N;N">
                            <Reponse_Valeurs Text="Valeurs" Tag="P;Reponse_Valeurs" Name="O;N;N;N">
                                <Reponse_Valeur_condition Text="Valeur condition : orcab" Tag="V;Reponse_Valeur_condition;orcab" Name="">orcab</Reponse_Valeur_condition>
                            </Reponse_Valeurs>
                        </Reponse_Technique>
                    </Reponse>
                    <Reponse Text="Bipa Coop [ coop ]" Tag="P;Reponse;Bipa Coop;coop;;;" Name="N;O;N">
                        <Reponse_Generalites Text="Généralités" Tag="P;Reponse_Generalites" Name="">
                            <Reponse_Intitule_affiche Text="Intitulé affiché : Bipa Coop" Tag="V;Reponse_Intitule_affiche;Bipa Coop" Name="">Bipa Coop</Reponse_Intitule_affiche>
                            <Reponse_Intitule_edite Text="Intitulé édité : Bipa Coop" Tag="V;Reponse_Intitule_edite;Bipa Coop" Name="">Bipa Coop</Reponse_Intitule_edite>
                            <Reponse_Fichier_image Text="Fichier image : /BIPA/SOFT/Produits/Sydney_D.jpg" Tag="V;Reponse_Fichier_image;/BIPA/SOFT/Produits/Sydney_D.jpg" Name="">/BIPA/SOFT/Produits/Sydney_D.jpg</Reponse_Fichier_image>
                            <Reponse_Fichier_dessin Text="Fichier dessin : /BIPA/SOFT/Produits/OB1TD.PNG" Tag="V;Reponse_Fichier_dessin;/BIPA/SOFT/Produits/OB1TD.PNG" Name="">/BIPA/SOFT/Produits/OB1TD.PNG</Reponse_Fichier_dessin>
                            <Reponse_Reponse_defaut Text="Réponse par defaut : Non" Tag="V;Reponse_Reponse_defaut;Non" Name="">Non</Reponse_Reponse_defaut>
                            <Reponse_Edition_facultative Text="Edition_facultative : Non" Tag="V;Reponse_Edition_facultative;Non" Name="">Non</Reponse_Edition_facultative>
                            <Reponse_Exception_coop Text="Exception_coop : Non" Tag="V;Reponse_Exception_coop;Non" Name="">Non</Reponse_Exception_coop>
                        </Reponse_Generalites>
                        <Reponse_Technique Text="Technique" Tag="P;Reponse_Technique" Name="N;N;O;N;N">
                            <Reponse_Valeurs Text="Valeurs" Tag="P;Reponse_Valeurs" Name="O;N;N;N">
                                <Reponse_Valeur_condition Text="Valeur condition : coop" Tag="V;Reponse_Valeur_condition;coop" Name="">coop</Reponse_Valeur_condition>
                            </Reponse_Valeurs>
                        </Reponse_Technique>
                    </Reponse>
                </Reponses>
                <Question_Technique Text="Technique" Tag="P;Question_Technique" Name="N;N;O;N;N;N">
                    <Question_Variables Text="Variables" Tag="P;Question_Variables" Name="O;N;N;O;N">
                        <Question_Variable_condition Text="Variable condition : Q01" Tag="V;Question_Variable_condition;Q01" Name="">Q01</Question_Variable_condition>
                        <Question_Variable_chiffrage Text="Variable chiffrage : C01" Tag="V;Question_Variable_chiffrage;C01" Name="">C01</Question_Variable_chiffrage>
                    </Question_Variables>
                </Question_Technique>
            </Question>
        </Questions>
    </Niveau>
    <Niveau Text="Modèle" Tag="P;Niveau" Name="O">
        <Niveau_Generalites Text="Généralités" Tag="P;Niveau_Generalites" Name="">
            <Niveau_Intitule_affiche Text="Intitulé affiché : Modèle" Tag="V;Niveau_Intitule_affiche;Modèle" Name="">Modèle</Niveau_Intitule_affiche>
        </Niveau_Generalites>
        <Questions Text="Questions" Tag="P;Questions" Name="">
            <Question Text="Modèle [ Q02 ] $ C02 $" Tag="P;Question;Modèle;Q02;;;C02;;N;;" Name="O;O">
                <Question_Generalites Text="Généralités" Tag="P;Question_Generalites" Name="">
                    <Question_Intitule_affiche Text="Intitulé affiché : Modèle" Tag="V;Question_Intitule_affiche;Modèle" Name="">Modèle</Question_Intitule_affiche>
                    <Question_Type_question Text="Type question : deroulante_texte" Tag="V;Question_Type_question;deroulante_texte" Name="">deroulante_texte</Question_Type_question>
                    <Question_Affichage_commande Text="Affichée en commande : Oui" Tag="V;Question_Affichage_commande;Oui" Name="">Oui</Question_Affichage_commande>
                    <Question_Reponse_obligatoire_commande Text="Réponse obligatoire : Oui" Tag="V;Question_Reponse_obligatoire_commande;Oui" Name="">Oui</Question_Reponse_obligatoire_commande>
                    <Question_Affichage_chiffrage Text="Affichée en chiffrage : Oui" Tag="V;Question_Affichage_chiffrage;Oui" Name="">Oui</Question_Affichage_chiffrage>
                    <Question_Reponse_obligatoire_chiffrage Text="Réponse obligatoire : Oui" Tag="V;Question_Reponse_obligatoire_chiffrage;Oui" Name="">Oui</Question_Reponse_obligatoire_chiffrage>
                    <Question_Question_masquee Text="Question masquée : Non" Tag="V;Question_Question_masquee;Non" Name="">Non</Question_Question_masquee>
                    <Question_Question_affiche Text="Question affichée : Non" Tag="V;Question_Question_affiche;Non" Name="">Non</Question_Question_affiche>
                    <Question_Reponse_descriptif Text="Réponse conservée dans descriptif panier: Oui" Tag="V;Question_Reponse_descriptif;Oui" Name="">Oui</Question_Reponse_descriptif>
                </Question_Generalites>
                <Question_Technique Text="Technique" Tag="P;Question_Technique" Name="N;N;O;N;N;N">
                    <Question_Variables Text="Variables" Tag="P;Question_Variables" Name="O;N;N;O;N">
                        <Question_Variable_condition Text="Variable condition : Q02" Tag="V;Question_Variable_condition;Q02" Name="">Q02</Question_Variable_condition>
                        <Question_Variable_chiffrage Text="Variable chiffrage : C02" Tag="V;Question_Variable_chiffrage;C02" Name="">C02</Question_Variable_chiffrage>
                    </Question_Variables>
                </Question_Technique>
                <Reponses Text="Réponses" Tag="P;Reponses" Name="N;N;N">
                    <Reponse Text="Fenêtre 1 vantail [ f1 ] $ 1 $ [cde: (Q01=='orcab') ]" Tag="P;Reponse;Fenêtre 1 vantail;f1;(Q01=='orcab');;1" Name="N;O">
                        <Reponse_Generalites Text="Généralités" Tag="P;Reponse_Generalites" Name="">
                            <Reponse_Intitule_affiche Text="Intitulé affiché : Fenêtre 1 vantail" Tag="V;Reponse_Intitule_affiche;Fenêtre 1 vantail" Name="">Fenêtre 1 vantail</Reponse_Intitule_affiche>
                            <Reponse_Intitule_edite Text="Intitulé édité : Fenêtre 1 vantail" Tag="V;Reponse_Intitule_edite;Fenêtre 1 vantail" Name="">Fenêtre 1 vantail</Reponse_Intitule_edite>
                            <Reponse_Reponse_defaut Text="Réponse par defaut : Non" Tag="V;Reponse_Reponse_defaut;Non" Name="">Non</Reponse_Reponse_defaut>
                            <Reponse_Edition_facultative Text="Edition_facultative : Non" Tag="V;Reponse_Edition_facultative;Non" Name="">Non</Reponse_Edition_facultative>
                            <Reponse_Exception_coop Text="Exception_coop : Non" Tag="V;Reponse_Exception_coop;Non" Name="">Non</Reponse_Exception_coop>
                        </Reponse_Generalites>
                        <Reponse_Technique Text="Technique" Tag="P;Reponse_Technique" Name="N;O;O;N;N">
                            <Reponse_Condition Text="Condition d'affichage" Tag="P;Reponse_Condition" Name="">
                                <Reponse_Condition_commande Text="Condition mode commande : (Q01=='orcab')" Tag="V;Reponse_Condition_commande;(Q01=='orcab')" Name="">(Q01=='orcab')</Reponse_Condition_commande>
                            </Reponse_Condition>
                            <Reponse_Valeurs Text="Valeurs" Tag="P;Reponse_Valeurs" Name="O;N;N;O">
                                <Reponse_Valeur_condition Text="Valeur condition : f1" Tag="V;Reponse_Valeur_condition;f1" Name="">f1</Reponse_Valeur_condition>
                                <Reponse_Valeur_chiffrage Text="Valeur chiffrage : 1" Tag="V;Reponse_Valeur_chiffrage;1" Name="">1</Reponse_Valeur_chiffrage>
                            </Reponse_Valeurs>
                        </Reponse_Technique>
                    </Reponse>
                    <Reponse Text="Porte fenêtre 1 vantail [ pf1 ] $ 1 $ [cde: (Q01=='coop') ]" Tag="P;Reponse;Porte fenêtre 1 vantail;pf1;(Q01=='coop');;1" Name="N;O">
                        <Reponse_Generalites Text="Généralités" Tag="P;Reponse_Generalites" Name="">
                            <Reponse_Intitule_affiche Text="Intitulé affiché : Porte fenêtre 1 vantail" Tag="V;Reponse_Intitule_affiche;Porte fenêtre 1 vantail" Name="">Porte fenêtre 1 vantail</Reponse_Intitule_affiche>
                            <Reponse_Intitule_edite Text="Intitulé édité : Porte fenêtre 1 vantail" Tag="V;Reponse_Intitule_edite;Porte fenêtre 1 vantail" Name="">Porte fenêtre 1 vantail</Reponse_Intitule_edite>
                            <Reponse_Reponse_defaut Text="Réponse par defaut : Non" Tag="V;Reponse_Reponse_defaut;Non" Name="">Non</Reponse_Reponse_defaut>
                            <Reponse_Edition_facultative Text="Edition_facultative : Non" Tag="V;Reponse_Edition_facultative;Non" Name="">Non</Reponse_Edition_facultative>
                            <Reponse_Exception_coop Text="Exception_coop : Non" Tag="V;Reponse_Exception_coop;Non" Name="">Non</Reponse_Exception_coop>
                        </Reponse_Generalites>
                        <Reponse_Technique Text="Technique" Tag="P;Reponse_Technique" Name="N;O;O;N;N">
                            <Reponse_Condition Text="Condition d'affichage" Tag="P;Reponse_Condition" Name="">
                                <Reponse_Condition_commande Text="Condition mode commande : (Q01=='coop')" Tag="V;Reponse_Condition_commande;(Q01=='coop')" Name="">(Q01=='coop')</Reponse_Condition_commande>
                            </Reponse_Condition>
                            <Reponse_Valeurs Text="Valeurs" Tag="P;Reponse_Valeurs" Name="O;N;N;O">
                                <Reponse_Valeur_condition Text="Valeur condition : pf1" Tag="V;Reponse_Valeur_condition;pf1" Name="">pf1</Reponse_Valeur_condition>
                                <Reponse_Valeur_chiffrage Text="Valeur chiffrage : 1" Tag="V;Reponse_Valeur_chiffrage;1" Name="">1</Reponse_Valeur_chiffrage>
                            </Reponse_Valeurs>
                        </Reponse_Technique>
                    </Reponse>
                    <Reponse Text="Porte fenêtre 2 vantaux [ pf2 ] $ 2 $ [cde: (Q01=='coop') ]" Tag="P;Reponse;Porte fenêtre 2 vantaux;pf2;(Q01=='coop');;2" Name="N;O">
                        <Reponse_Generalites Text="Généralités" Tag="P;Reponse_Generalites" Name="">
                            <Reponse_Intitule_affiche Text="Intitulé affiché : Porte fenêtre 2 vantaux" Tag="V;Reponse_Intitule_affiche;Porte fenêtre 2 vantaux" Name="">Porte fenêtre 2 vantaux</Reponse_Intitule_affiche>
                            <Reponse_Intitule_edite Text="Intitulé édité : Porte fenêtre 2 vantaux" Tag="V;Reponse_Intitule_edite;Porte fenêtre 2 vantaux" Name="">Porte fenêtre 2 vantaux</Reponse_Intitule_edite>
                            <Reponse_Reponse_defaut Text="Réponse par defaut : Non" Tag="V;Reponse_Reponse_defaut;Non" Name="">Non</Reponse_Reponse_defaut>
                            <Reponse_Edition_facultative Text="Edition_facultative : Non" Tag="V;Reponse_Edition_facultative;Non" Name="">Non</Reponse_Edition_facultative>
                            <Reponse_Exception_coop Text="Exception_coop : Non" Tag="V;Reponse_Exception_coop;Non" Name="">Non</Reponse_Exception_coop>
                        </Reponse_Generalites>
                        <Reponse_Technique Text="Technique" Tag="P;Reponse_Technique" Name="N;O;O;N;N">
                            <Reponse_Condition Text="Condition d'affichage" Tag="P;Reponse_Condition" Name="">
                                <Reponse_Condition_commande Text="Condition mode commande : (Q01=='coop')" Tag="V;Reponse_Condition_commande;(Q01=='coop')" Name="">(Q01=='coop')</Reponse_Condition_commande>
                            </Reponse_Condition>
                            <Reponse_Valeurs Text="Valeurs" Tag="P;Reponse_Valeurs" Name="O;N;N;O">
                                <Reponse_Valeur_condition Text="Valeur condition : pf2" Tag="V;Reponse_Valeur_condition;pf2" Name="">pf2</Reponse_Valeur_condition>
                                <Reponse_Valeur_chiffrage Text="Valeur chiffrage : 2" Tag="V;Reponse_Valeur_chiffrage;2" Name="">2</Reponse_Valeur_chiffrage>
                            </Reponse_Valeurs>
                        </Reponse_Technique>
                    </Reponse>
                </Reponses>
            </Question>
        </Questions>
    </Niveau>
    <Niveau Text="#Actions" Tag="P;Niveau" Name="O">
        <Niveau_Generalites Text="#Généralités" Tag="P;Niveau_Generalites" Name="">
            <Niveau_Intitule_affiche Text="Intitulé affiché : ##Actions" Tag="V;Niveau_Intitule_affiche;##Actions" Name="">##Actions</Niveau_Intitule_affiche>
        </Niveau_Generalites>
        <Questions Text="#Liste" Tag="P;Questions" Name="">
            <Question Text="#Borne largeur mini" Tag="P;Question;Action;;;;" Name="O;N">
                <Question_Generalites Text="#Généralités" Tag="P;Question_Generalites" Name="">
                    <Question_Intitule_affiche Text="Intitulé affiché : Borne largeur mini" Tag="V;Question_Intitule_affiche;Borne largeur mini" Name="">Borne largeur mini</Question_Intitule_affiche>
                    <Question_Type_question Text="Type question : action" Tag="V;Question_Type_question;action" Name="">action</Question_Type_question>
                    <Question_Affichage_commande Text="Affichée en commande : Oui" Tag="V;Question_Affichage_commande;Oui" Name="">Oui</Question_Affichage_commande>
                    <Question_Reponse_obligatoire_commande Text="Réponse obligatoire : Non" Tag="V;Question_Reponse_obligatoire_commande;Non" Name="">Non</Question_Reponse_obligatoire_commande>
                    <Question_Affichage_chiffrage Text="Affichée en chiffrage : Oui" Tag="V;Question_Affichage_chiffrage;Oui" Name="">Oui</Question_Affichage_chiffrage>
                    <Question_Reponse_obligatoire_chiffrage Text="Réponse obligatoire : Non" Tag="V;Question_Reponse_obligatoire_chiffrage;Non" Name="">Non</Question_Reponse_obligatoire_chiffrage>
                </Question_Generalites>
                <Question_Technique Text="#Technique" Tag="P;Question_Technique" Name="N;N;O;O;N">
                    <Question_Variables Text="#Variables" Tag="P;Question_Variables" Name="N;N;O">
                        <Question_Variable_requete Text="Variable requete : R96" Tag="V;Question_Variable_requete;R96" Name="">R96</Question_Variable_requete>
                    </Question_Variables>
                    <Question_Requete Text="Requete : SELECT Valeur FROM Table3 WHERE dim_a='lmin' AND gamme_a=Q01 AND modele_a=Q02" Tag="V;Question_Requete;SELECT Valeur FROM Table3 WHERE dim_a='lmin' AND gamme_a=Q01 AND modele_a=Q02;Erreur de requete pour la borne de largeur minimum" Name="">SELECT Valeur FROM Table3 WHERE dim_a='lmin' AND gamme_a=Q01 AND modele_a=Q02</Question_Requete>
                </Question_Technique>
            </Question>
            <Question Text="#Borne largeur maxi" Tag="P;Question;#Action;;;;;" Name="O;N">
                <Question_Generalites Text="#Généralités" Tag="P;Question_Generalites" Name="">
                    <Question_Intitule_affiche Text="Intitulé affiché : Borne largeur maxi" Tag="V;Question_Intitule_affiche;Borne largeur maxi" Name="">Borne largeur maxi</Question_Intitule_affiche>
                    <Question_Type_question Text="Type question : action" Tag="V;Question_Type_question;action" Name="">action</Question_Type_question>
                    <Question_Affichage_commande Text="Affichée en commande : Oui" Tag="V;Question_Affichage_commande;Oui" Name="">Oui</Question_Affichage_commande>
                    <Question_Reponse_obligatoire_commande Text="Réponse obligatoire : Non" Tag="V;Question_Reponse_obligatoire_commande;Non" Name="">Non</Question_Reponse_obligatoire_commande>
                    <Question_Affichage_chiffrage Text="Affichée en chiffrage : Oui" Tag="V;Question_Affichage_chiffrage;Oui" Name="">Oui</Question_Affichage_chiffrage>
                    <Question_Reponse_obligatoire_chiffrage Text="Réponse obligatoire : Non" Tag="V;Question_Reponse_obligatoire_chiffrage;Non" Name="">Non</Question_Reponse_obligatoire_chiffrage>
                </Question_Generalites>
                <Question_Technique Text="#Technique" Tag="P;Question_Technique" Name="N;N;O;O;N">
                    <Question_Variables Text="#Variables" Tag="P;Question_Variables" Name="N;N;O">
                        <Question_Variable_requete Text="Variable requete : R97" Tag="V;Question_Variable_requete;R97" Name="">R97</Question_Variable_requete>
                    </Question_Variables>
                    <Question_Requete Text="Requete : SELECT Valeur FROM Table3 WHERE dim_a='lmax' AND gamme_a=Q01 AND modele_a=Q02" Tag="V;Question_Requete;SELECT Valeur FROM Table3 WHERE dim_a='lmax' AND gamme_a=Q01 AND modele_a=Q02;Erreur de requete pour la borne de largeur maximum" Name="">SELECT Valeur FROM Table3 WHERE dim_a='lmax' AND gamme_a=Q01 AND modele_a=Q02</Question_Requete>
                </Question_Technique>
            </Question>
        </Questions>
    </Niveau>
    <Niveau Text="Largeur" Tag="P;Niveau" Name="O">
        <Niveau_Generalites Text="Généralités" Tag="P;Niveau_Generalites" Name="">
            <Niveau_Intitule_affiche Text="Intitulé affiché : Largeur" Tag="V;Niveau_Intitule_affiche;Largeur" Name="">Largeur</Niveau_Intitule_affiche>
        </Niveau_Generalites>
        <Questions Text="Questions" Tag="P;Questions" Name="">
            <Question Text="Largeur (en mm) [rub: Aucune]  [ Q98 ]" Tag="P;Question;Largeur (en mm);Q98;;;;;O;;" Name="O;N">
                <Question_Generalites Text="Généralités" Tag="P;Question_Generalites" Name="">
                    <Question_Intitule_affiche Text="Intitulé affiché : Largeur (en mm)" Tag="V;Question_Intitule_affiche;Largeur (en mm)" Name="">Largeur (en mm)</Question_Intitule_affiche>
                    <Question_Type_question Text="Type question : zone_nombre_var" Tag="V;Question_Type_question;zone_nombre_var" Name="">zone_nombre_var</Question_Type_question>
                    <Question_Zone_nombre_debut Text="Borne debut : R96" Tag="V;Question_Zone_nombre_debut;R96" Name="">R96</Question_Zone_nombre_debut>
                    <Question_Zone_nombre_fin Text="Borne fin : R97" Tag="V;Question_Zone_nombre_fin;R97" Name="">R97</Question_Zone_nombre_fin>
                    <Question_Affichage_commande Text="Affichée en commande : Oui" Tag="V;Question_Affichage_commande;Oui" Name="">Oui</Question_Affichage_commande>
                    <Question_Reponse_obligatoire_commande Text="Réponse obligatoire : Oui" Tag="V;Question_Reponse_obligatoire_commande;Oui" Name="">Oui</Question_Reponse_obligatoire_commande>
                    <Question_Affichage_chiffrage Text="Affichée en chiffrage : Oui" Tag="V;Question_Affichage_chiffrage;Oui" Name="">Oui</Question_Affichage_chiffrage>
                    <Question_Reponse_obligatoire_chiffrage Text="Réponse obligatoire : Oui" Tag="V;Question_Reponse_obligatoire_chiffrage;Oui" Name="">Oui</Question_Reponse_obligatoire_chiffrage>
                    <Question_Question_masquee Text="Question maquée : Non" Tag="V;Question_Question_masquee;Non" Name="">Non</Question_Question_masquee>
                    <Question_Question_affiche Text="Question affichée : Non" Tag="V;Question_Question_affiche;Non" Name="">Non</Question_Question_affiche>
                    <Question_Reponse_descriptif Text="Réponse conservée dans descriptif panier: Oui" Tag="V;Question_Reponse_descriptif;Oui" Name="">Oui</Question_Reponse_descriptif>
                </Question_Generalites>
                <Question_Technique Text="Technique" Tag="P;Question_Technique" Name="N;N;O;N;N;N">
                    <Question_Variables Text="Variables" Tag="P;Question_Variables" Name="O;N;N;N;N">
                        <Question_Variable_condition Text="Variable condition : Q98" Tag="V;Question_Variable_condition;Q98" Name="">Q98</Question_Variable_condition>
                    </Question_Variables>
                </Question_Technique>
            </Question>
        </Questions>
    </Niveau>
    <Niveau Text="#Actions" Tag="P;Niveau" Name="O">
        <Niveau_Generalites Text="#Généralités" Tag="P;Niveau_Generalites" Name="">
            <Niveau_Intitule_affiche Text="Intitulé affiché : ##Actions" Tag="V;Niveau_Intitule_affiche;##Actions" Name="">##Actions</Niveau_Intitule_affiche>
        </Niveau_Generalites>
        <Questions Text="#Liste" Tag="P;Questions" Name="">
            <Question Text="#Borne hauteur mini" Tag="P;Question;Action;;;;" Name="O;N">
                <Question_Generalites Text="#Généralités" Tag="P;Question_Generalites" Name="">
                    <Question_Intitule_affiche Text="Intitulé affiché : Borne hauteur mini" Tag="V;Question_Intitule_affiche;Borne hauteur mini" Name="">Borne hauteur mini</Question_Intitule_affiche>
                    <Question_Type_question Text="Type question : action" Tag="V;Question_Type_question;action" Name="">action</Question_Type_question>
                    <Question_Affichage_commande Text="Affichée en commande : Oui" Tag="V;Question_Affichage_commande;Oui" Name="">Oui</Question_Affichage_commande>
                    <Question_Reponse_obligatoire_commande Text="Réponse obligatoire : Non" Tag="V;Question_Reponse_obligatoire_commande;Non" Name="">Non</Question_Reponse_obligatoire_commande>
                    <Question_Affichage_chiffrage Text="Affichée en chiffrage : Oui" Tag="V;Question_Affichage_chiffrage;Oui" Name="">Oui</Question_Affichage_chiffrage>
                    <Question_Reponse_obligatoire_chiffrage Text="Réponse obligatoire : Non" Tag="V;Question_Reponse_obligatoire_chiffrage;Non" Name="">Non</Question_Reponse_obligatoire_chiffrage>
                </Question_Generalites>
                <Question_Technique Text="#Technique" Tag="P;Question_Technique" Name="N;N;O;O;N">
                    <Question_Variables Text="#Variables" Tag="P;Question_Variables" Name="N;N;O">
                        <Question_Variable_requete Text="Variable requete : R98" Tag="V;Question_Variable_requete;R98" Name="">R98</Question_Variable_requete>
                    </Question_Variables>
                    <Question_Requete Text="Requete : SELECT Valeur FROM Table3 WHERE dim_a='hmin' AND gamme_a=Q01 AND modele_a=Q02" Tag="V;Question_Requete;SELECT Valeur FROM Table3 WHERE dim_a='hmin' AND gamme_a=Q01 AND modele_a=Q02;Erreur de requete pour la hauteur mini" Name="">SELECT Valeur FROM Table3 WHERE dim_a='hmin' AND gamme_a=Q01 AND modele_a=Q02</Question_Requete>
                </Question_Technique>
            </Question>
            <Question Text="#Borne hauteur maxi" Tag="P;Question;#Action;;;;;" Name="O;N">
                <Question_Generalites Text="#Généralités" Tag="P;Question_Generalites" Name="">
                    <Question_Intitule_affiche Text="Intitulé affiché : Borne hauteur maxi" Tag="V;Question_Intitule_affiche;Borne hauteur maxi" Name="">Borne hauteur maxi</Question_Intitule_affiche>
                    <Question_Type_question Text="Type question : action" Tag="V;Question_Type_question;action" Name="">action</Question_Type_question>
                    <Question_Affichage_commande Text="Affichée en commande : Oui" Tag="V;Question_Affichage_commande;Oui" Name="">Oui</Question_Affichage_commande>
                    <Question_Reponse_obligatoire_commande Text="Réponse obligatoire : Non" Tag="V;Question_Reponse_obligatoire_commande;Non" Name="">Non</Question_Reponse_obligatoire_commande>
                    <Question_Affichage_chiffrage Text="Affichée en chiffrage : Oui" Tag="V;Question_Affichage_chiffrage;Oui" Name="">Oui</Question_Affichage_chiffrage>
                    <Question_Reponse_obligatoire_chiffrage Text="Réponse obligatoire : Non" Tag="V;Question_Reponse_obligatoire_chiffrage;Non" Name="">Non</Question_Reponse_obligatoire_chiffrage>
                </Question_Generalites>
                <Question_Technique Text="#Technique" Tag="P;Question_Technique" Name="N;N;O;O;N">
                    <Question_Variables Text="#Variables" Tag="P;Question_Variables" Name="N;N;O">
                        <Question_Variable_requete Text="Variable requete : R99" Tag="V;Question_Variable_requete;R99" Name="">R99</Question_Variable_requete>
                    </Question_Variables>
                    <Question_Requete Text="Requete : SELECT Valeur FROM Table3 WHERE dim_a='hmax' AND gamme_a=Q01 AND modele_a=Q02 AND lmin_n&lt;=Q98 AND lmax_n&gt;=Q98" Tag="V;Question_Requete;SELECT Valeur FROM Table3 WHERE dim_a='hmax' AND gamme_a=Q01 AND modele_a=Q02 AND lmin_n&lt;=Q98 AND lmax_n&gt;=Q98;Erreur de requete pour la hauteur maxi" Name="">SELECT Valeur FROM Table3 WHERE dim_a='hmax' AND gamme_a=Q01 AND modele_a=Q02 AND lmin_n&lt;=Q98 AND lmax_n&gt;=Q98</Question_Requete>
                </Question_Technique>
            </Question>
        </Questions>
    </Niveau>
    <Niveau Text="Hauteur" Tag="P;Niveau" Name="O">
        <Niveau_Generalites Text="Généralités" Tag="P;Niveau_Generalites" Name="">
            <Niveau_Intitule_affiche Text="Intitulé affiché : Hauteur" Tag="V;Niveau_Intitule_affiche;Hauteur" Name="">Hauteur</Niveau_Intitule_affiche>
        </Niveau_Generalites>
        <Questions Text="Questions" Tag="P;Questions" Name="">
            <Question Text="Hauteur (en mm) [rub: Aucune]  [ Q99 ]" Tag="P;Question;Hauteur (en mm);Q99;;;;;O;;" Name="O;N">
                <Question_Generalites Text="Généralités" Tag="P;Question_Generalites" Name="">
                    <Question_Intitule_affiche Text="Intitulé affiché : Hauteur (en mm)" Tag="V;Question_Intitule_affiche;Hauteur (en mm)" Name="">Hauteur (en mm)</Question_Intitule_affiche>
                    <Question_Type_question Text="Type question : zone_nombre_var" Tag="V;Question_Type_question;zone_nombre_var" Name="">zone_nombre_var</Question_Type_question>
                    <Question_Zone_nombre_debut Text="Borne debut : R98" Tag="V;Question_Zone_nombre_debut;R98" Name="">R98</Question_Zone_nombre_debut>
                    <Question_Zone_nombre_fin Text="Borne fin : R99" Tag="V;Question_Zone_nombre_fin;R99" Name="">R99</Question_Zone_nombre_fin>
                    <Question_Affichage_commande Text="Affichée en commande : Oui" Tag="V;Question_Affichage_commande;Oui" Name="">Oui</Question_Affichage_commande>
                    <Question_Reponse_obligatoire_commande Text="Réponse obligatoire : Oui" Tag="V;Question_Reponse_obligatoire_commande;Oui" Name="">Oui</Question_Reponse_obligatoire_commande>
                    <Question_Affichage_chiffrage Text="Affichée en chiffrage : Oui" Tag="V;Question_Affichage_chiffrage;Oui" Name="">Oui</Question_Affichage_chiffrage>
                    <Question_Reponse_obligatoire_chiffrage Text="Réponse obligatoire : Oui" Tag="V;Question_Reponse_obligatoire_chiffrage;Oui" Name="">Oui</Question_Reponse_obligatoire_chiffrage>
                    <Question_Question_masquee Text="Question maquée : Non" Tag="V;Question_Question_masquee;Non" Name="">Non</Question_Question_masquee>
                    <Question_Question_affiche Text="Question affichée : Non" Tag="V;Question_Question_affiche;Non" Name="">Non</Question_Question_affiche>
                    <Question_Reponse_descriptif Text="Réponse conservée dans descriptif panier: Oui" Tag="V;Question_Reponse_descriptif;Oui" Name="">Oui</Question_Reponse_descriptif>
                </Question_Generalites>
                <Question_Technique Text="Technique" Tag="P;Question_Technique" Name="N;N;O;N;N;N">
                    <Question_Variables Text="Variables" Tag="P;Question_Variables" Name="O;N;N;N;N">
                        <Question_Variable_condition Text="Variable condition : Q99" Tag="V;Question_Variable_condition;Q99" Name="">Q99</Question_Variable_condition>
                    </Question_Variables>
                </Question_Technique>
            </Question>
        </Questions>
    </Niveau>
    <Niveau Text="#Actions" Tag="P;Niveau" Name="O">
        <Niveau_Generalites Text="#Généralités" Tag="P;Niveau_Generalites" Name="">
            <Niveau_Intitule_affiche Text="Intitulé affiché : ##Actions" Tag="V;Niveau_Intitule_affiche;##Actions" Name="">##Actions</Niveau_Intitule_affiche>
        </Niveau_Generalites>
        <Questions Text="#Liste" Tag="P;Questions" Name="">
            <Question Text="#Prix de base" Tag="P;Question;Action;;;;" Name="O;N">
                <Question_Generalites Text="#Généralités" Tag="P;Question_Generalites" Name="">
                    <Question_Intitule_affiche Text="Intitulé affiché : Prix de base" Tag="V;Question_Intitule_affiche;Prix de base" Name="">Prix de base</Question_Intitule_affiche>
                    <Question_Type_question Text="Type question : action" Tag="V;Question_Type_question;action" Name="">action</Question_Type_question>
                    <Question_Affichage_commande Text="Affichée en commande : Oui" Tag="V;Question_Affichage_commande;Oui" Name="">Oui</Question_Affichage_commande>
                    <Question_Reponse_obligatoire_commande Text="Réponse obligatoire : Non" Tag="V;Question_Reponse_obligatoire_commande;Non" Name="">Non</Question_Reponse_obligatoire_commande>
                    <Question_Affichage_chiffrage Text="Affichée en chiffrage : Oui" Tag="V;Question_Affichage_chiffrage;Oui" Name="">Oui</Question_Affichage_chiffrage>
                    <Question_Reponse_obligatoire_chiffrage Text="Réponse obligatoire : Non" Tag="V;Question_Reponse_obligatoire_chiffrage;Non" Name="">Non</Question_Reponse_obligatoire_chiffrage>
                </Question_Generalites>
                <Question_Technique Text="#Technique" Tag="P;Question_Technique" Name="N;N;O;O;O">
                    <Question_Variables Text="#Variables" Tag="P;Question_Variables" Name="N;N;O">
                        <Question_Variable_requete Text="Variable requete : R01" Tag="V;Question_Variable_requete;R01" Name="">R01</Question_Variable_requete>
                    </Question_Variables>
                    <Question_Requete Text="Requete : SELECT Valeur FROM Table1 WHERE gamme_a=Q01 AND modele_a=Q02 AND lmin_n&lt;=Q98 AND lmax_n&gt;=Q98 AND hmin_n&lt;=Q99 AND hmax_n&gt;=Q99" Tag="V;Question_Requete;SELECT Valeur FROM Table1 WHERE gamme_a=Q01 AND modele_a=Q02 AND lmin_n&lt;=Q98 AND lmax_n&gt;=Q98 AND hmin_n&lt;=Q99 AND hmax_n&gt;=Q99;Erreur de requete pour récupérer prix de base" Name="">SELECT Valeur FROM Table1 WHERE gamme_a=Q01 AND modele_a=Q02 AND lmin_n&lt;=Q98 AND lmax_n&gt;=Q98 AND hmin_n&lt;=Q99 AND hmax_n&gt;=Q99</Question_Requete>
                    <Question_Formule Text="formule : Prixtotal=Prixtotal+R01" Tag="V;Question_Formule;Prixtotal=Prixtotal+R01" Name="">Prixtotal=Prixtotal+R01</Question_Formule>
                </Question_Technique>
            </Question>
            <Question Text="#Surface de base (en m²)" Tag="P;Question;Action;;;;" Name="O;N">
                <Question_Generalites Text="#Généralités" Tag="P;Question_Generalites" Name="">
                    <Question_Intitule_affiche Text="Intitulé affiché : Surface de base (en m²)" Tag="V;Question_Intitule_affiche;Surface de base (en m²)" Name="">Surface de base (en m²)</Question_Intitule_affiche>
                    <Question_Type_question Text="Type question : action" Tag="V;Question_Type_question;action" Name="">action</Question_Type_question>
                    <Question_Affichage_commande Text="Affichée en commande : Oui" Tag="V;Question_Affichage_commande;Oui" Name="">Oui</Question_Affichage_commande>
                    <Question_Reponse_obligatoire_commande Text="Réponse obligatoire : Non" Tag="V;Question_Reponse_obligatoire_commande;Non" Name="">Non</Question_Reponse_obligatoire_commande>
                    <Question_Affichage_chiffrage Text="Affichée en chiffrage : Oui" Tag="V;Question_Affichage_chiffrage;Oui" Name="">Oui</Question_Affichage_chiffrage>
                    <Question_Reponse_obligatoire_chiffrage Text="Réponse obligatoire : Non" Tag="V;Question_Reponse_obligatoire_chiffrage;Non" Name="">Non</Question_Reponse_obligatoire_chiffrage>
                </Question_Generalites>
                <Question_Technique Text="#Technique" Tag="P;Question_Technique" Name="N;N;N;N;O">
                    <Question_Formule Text="Formule : V01=Q98*Q99/1000000" Tag="V;Question_Formule;V01=Q98*Q99/1000000" Name="">V01=Q98*Q99/1000000</Question_Formule>
                </Question_Technique>
            </Question>
        </Questions>
    </Niveau>
    <Niveau Text="Charnières" Tag="P;Niveau" Name="O">
        <Niveau_Generalites Text="Généralités" Tag="P;Niveau_Generalites" Name="">
            <Niveau_Intitule_affiche Text="Intitulé affiché : Charnières" Tag="V;Niveau_Intitule_affiche;Charnières" Name="">Charnières</Niveau_Intitule_affiche>
        </Niveau_Generalites>
        <Questions Text="Questions" Tag="P;Questions" Name="">
            <Question Text="Charnières [ Q03 ] $ C03 $ [cde: (V01&lt;=(decimal)1.2) ]" Tag="P;Question;Charnières;Q03;(V01&lt;=(decimal)1.2);;C03;;;;" Name="O;O">
                <Question_Generalites Text="Généralités" Tag="P;Question_Generalites" Name="">
                    <Question_Intitule_affiche Text="Intitulé affiché : Charnières" Tag="V;Question_Intitule_affiche;Charnières" Name="">Charnières</Question_Intitule_affiche>
                    <Question_Type_question Text="Type question : deroulante_texte" Tag="V;Question_Type_question;deroulante_texte" Name="">deroulante_texte</Question_Type_question>
                    <Question_Affichage_commande Text="Affichée en commande : Oui" Tag="V;Question_Affichage_commande;Oui" Name="">Oui</Question_Affichage_commande>
                    <Question_Reponse_obligatoire_commande Text="Réponse obligatoire : Oui" Tag="V;Question_Reponse_obligatoire_commande;Oui" Name="">Oui</Question_Reponse_obligatoire_commande>
                    <Question_Affichage_chiffrage Text="Affichée en chiffrage : Oui" Tag="V;Question_Affichage_chiffrage;Oui" Name="">Oui</Question_Affichage_chiffrage>
                    <Question_Reponse_obligatoire_chiffrage Text="Réponse obligatoire : Oui" Tag="V;Question_Reponse_obligatoire_chiffrage;Oui" Name="">Oui</Question_Reponse_obligatoire_chiffrage>
                    <Question_Question_masquee Text="Question masquée : Non" Tag="V;Question_Question_masquee;Non" Name="">Non</Question_Question_masquee>
                    <Question_Question_affiche Text="Question affichée : Non" Tag="V;Question_Question_affiche;Non" Name="">Non</Question_Question_affiche>
                    <Question_Reponse_descriptif Text="Réponse conservée dans descriptif panier: Oui" Tag="V;Question_Reponse_descriptif;Oui" Name="">Oui</Question_Reponse_descriptif>
                </Question_Generalites>
                <Question_Technique Text="Technique" Tag="P;Question_Technique" Name="N;O;O;N;N;">
                    <Question_Variables Text="Variables" Tag="P;Question_Variables" Name="O;N;N;O;N">
                        <Question_Variable_condition Text="Variable condition : Q03" Tag="V;Question_Variable_condition;Q03" Name="">Q03</Question_Variable_condition>
                        <Question_Variable_chiffrage Text="Variable chiffrage : C03" Tag="V;Question_Variable_chiffrage;C03" Name="">C03</Question_Variable_chiffrage>
                    </Question_Variables>
                    <Question_Condition Text="Condition d'affichage" Tag="P;Question_Condition" Name="">
                        <Question_Condition_commande Text="Condition mode commande : (V01&lt;=(decimal)1.2)" Tag="V;Question_Condition_commande;(V01&lt;=(decimal)1.2)" Name="">(V01&lt;=(decimal)1.2)</Question_Condition_commande>
                    </Question_Condition>
                </Question_Technique>
                <Reponses Text="Réponses" Tag="P;Reponses" Name="N;N">
                    <Reponse Text="Charnière de base" Tag="P;Reponse;Charnière de base;;;;" Name="O;O">
                        <Reponse_Generalites Text="Généralités" Tag="P;Reponse_Generalites" Name="">
                            <Reponse_Intitule_affiche Text="Intitulé affiché : Charnière de base" Tag="V;Reponse_Intitule_affiche;Charnière de base" Name="">Charnière de base</Reponse_Intitule_affiche>
                            <Reponse_Intitule_edite Text="Intitulé édité : Charnière de base" Tag="V;Reponse_Intitule_edite;Charnière de base" Name="">Charnière de base</Reponse_Intitule_edite>
                            <Reponse_Reponse_defaut Text="Réponse par defaut : Oui" Tag="V;Reponse_Reponse_defaut;Oui" Name="">Oui</Reponse_Reponse_defaut>
                            <Reponse_Edition_facultative Text="Edition_facultative : Non" Tag="V;Reponse_Edition_facultative;Non" Name="">Non</Reponse_Edition_facultative>
                            <Reponse_Exception_coop Text="Exception_coop : Non" Tag="V;Reponse_Exception_coop;Non" Name="">Non</Reponse_Exception_coop>
                        </Reponse_Generalites>
                        <Reponse_Technique Text="Technique" Tag="P;Reponse_Technique" Name="N;N;O;N;N">
                            <Reponse_Valeurs Text="Valeurs" Tag="P;Reponse_Valeurs" Name="N;N;N;N" />
                        </Reponse_Technique>
                    </Reponse>
                    <Reponse Text="Charnière invisible [ avec ] $ charInvisible $" Tag="P;Reponse;Charnière invisible;avec;;;charInvisible" Name="N;O;N">
                        <Reponse_Generalites Text="Généralités" Tag="P;Reponse_Generalites" Name="">
                            <Reponse_Intitule_affiche Text="Intitulé affiché : Charnière invisible" Tag="V;Reponse_Intitule_affiche;Charnière invisible" Name="">Charnière invisible</Reponse_Intitule_affiche>
                            <Reponse_Intitule_edite Text="Intitulé édité : Charnière invisible" Tag="V;Reponse_Intitule_edite;Charnière invisible" Name="">Charnière invisible</Reponse_Intitule_edite>
                            <Reponse_Reponse_defaut Text="Réponse par defaut : Non" Tag="V;Reponse_Reponse_defaut;Non" Name="">Non</Reponse_Reponse_defaut>
                            <Reponse_Edition_facultative Text="Edition_facultative : Non" Tag="V;Reponse_Edition_facultative;Non" Name="">Non</Reponse_Edition_facultative>
                            <Reponse_Exception_coop Text="Exception_coop : Non" Tag="V;Reponse_Exception_coop;Non" Name="">Non</Reponse_Exception_coop>
                        </Reponse_Generalites>
                        <Reponse_Technique Text="Technique" Tag="P;Reponse_Technique" Name="N;N;O;N;N">
                            <Reponse_Valeurs Text="Valeurs" Tag="P;Reponse_Valeurs" Name="O;N;N;O">
                                <Reponse_Valeur_condition Text="Valeur condition : avec" Tag="V;Reponse_Valeur_condition;avec" Name="">avec</Reponse_Valeur_condition>
                                <Reponse_Valeur_chiffrage Text="Valeur chiffrage : charInvisible" Tag="V;Reponse_Valeur_chiffrage;charInvisible" Name="">charInvisible</Reponse_Valeur_chiffrage>
                            </Reponse_Valeurs>
                        </Reponse_Technique>
                    </Reponse>
                    <Reponse Text="Charnière renforcée [ avec ] $ charRenf $" Tag="P;Reponse;Charnière renforcée;avec;;;charRenf" Name="N;O">
                        <Reponse_Generalites Text="Généralités" Tag="P;Reponse_Generalites" Name="">
                            <Reponse_Intitule_affiche Text="Intitulé affiché : Charnière renforcée" Tag="V;Reponse_Intitule_affiche;Charnière renforcée" Name="">Charnière renforcée</Reponse_Intitule_affiche>
                            <Reponse_Intitule_edite Text="Intitulé édité : Charnière renforcée" Tag="V;Reponse_Intitule_edite;Charnière renforcée" Name="">Charnière renforcée</Reponse_Intitule_edite>
                            <Reponse_Reponse_defaut Text="Réponse par defaut : Non" Tag="V;Reponse_Reponse_defaut;Non" Name="">Non</Reponse_Reponse_defaut>
                            <Reponse_Edition_facultative Text="Edition_facultative : Non" Tag="V;Reponse_Edition_facultative;Non" Name="">Non</Reponse_Edition_facultative>
                            <Reponse_Exception_coop Text="Exception_coop : Non" Tag="V;Reponse_Exception_coop;Non" Name="">Non</Reponse_Exception_coop>
                        </Reponse_Generalites>
                        <Reponse_Technique Text="Technique" Tag="P;Reponse_Technique" Name="N;N;O;N;N">
                            <Reponse_Valeurs Text="Valeurs" Tag="P;Reponse_Valeurs" Name="O;N;N;O">
                                <Reponse_Valeur_condition Text="Valeur condition : avec" Tag="V;Reponse_Valeur_condition;avec" Name="">avec</Reponse_Valeur_condition>
                                <Reponse_Valeur_chiffrage Text="Valeur chiffrage : charRenf" Tag="V;Reponse_Valeur_chiffrage;charRenf" Name="">charRenf</Reponse_Valeur_chiffrage>
                            </Reponse_Valeurs>
                        </Reponse_Technique>
                    </Reponse>
                </Reponses>
            </Question>
        </Questions>
    </Niveau>
    <Niveau Text="#Actions" Tag="P;Niveau" Name="O">
        <Niveau_Generalites Text="#Généralités" Tag="P;Niveau_Generalites" Name="">
            <Niveau_Intitule_affiche Text="Intitulé affiché : ##Actions" Tag="V;Niveau_Intitule_affiche;##Actions" Name="">##Actions</Niveau_Intitule_affiche>
        </Niveau_Generalites>
        <Questions Text="#Liste" Tag="P;Questions" Name="">
            <Question Text="#Plus value de la charnière [cde: Q03=='avec' ]" Tag="P;Question;#Action;;Q03=='avec';;;" Name="O;N">
                <Question_Generalites Text="#Généralités" Tag="P;Question_Generalites" Name="">
                    <Question_Intitule_affiche Text="Intitulé affiché : Plus value de la charnière" Tag="V;Question_Intitule_affiche;Plus value de la charnière" Name="">Plus value de la charnière</Question_Intitule_affiche>
                    <Question_Type_question Text="Type question : action" Tag="V;Question_Type_question;action" Name="">action</Question_Type_question>
                    <Question_Affichage_commande Text="Affichée en commande : Oui" Tag="V;Question_Affichage_commande;Oui" Name="">Oui</Question_Affichage_commande>
                    <Question_Reponse_obligatoire_commande Text="Réponse obligatoire : Non" Tag="V;Question_Reponse_obligatoire_commande;Non" Name="">Non</Question_Reponse_obligatoire_commande>
                    <Question_Affichage_chiffrage Text="Affichée en chiffrage : Oui" Tag="V;Question_Affichage_chiffrage;Oui" Name="">Oui</Question_Affichage_chiffrage>
                    <Question_Reponse_obligatoire_chiffrage Text="Réponse obligatoire : Non" Tag="V;Question_Reponse_obligatoire_chiffrage;Non" Name="">Non</Question_Reponse_obligatoire_chiffrage>
                </Question_Generalites>
                <Question_Technique Text="#Technique" Tag="P;Question_Technique" Name="N;O;O;O;O">
                    <Question_Variables Text="#Variables" Tag="P;Question_Variables" Name="N;N;O">
                        <Question_Variable_requete Text="Variable requete : R02" Tag="V;Question_Variable_requete;R02" Name="">R02</Question_Variable_requete>
                    </Question_Variables>
                    <Question_Requete Text="Requete : SELECT Valeur FROM Table2 WHERE opt_a=C03" Tag="V;Question_Requete;SELECT Valeur FROM Table2 WHERE opt_a=C03;Erreur de requete sur plus value charnière" Name="">SELECT Valeur FROM Table2 WHERE opt_a=C03</Question_Requete>
                    <Question_Formule Text="Formule : Prixtotal=Prixtotal+(R02*C02)" Tag="V;Question_Formule;Prixtotal=Prixtotal+(R02*C02)" Name="">Prixtotal=Prixtotal+(R02*C02)</Question_Formule>
                    <Question_Condition Text="#Condition d'affichage" Tag="P;Question_Condition" Name="">
                        <Question_Condition_commande Text="Condition mode commande : Q03=='avec'" Tag="V;Question_Condition_commande;Q03=='avec'" Name="">Q03=='avec'</Question_Condition_commande>
                    </Question_Condition>
                </Question_Technique>
            </Question>
        </Questions>
    </Niveau>
</Questionnaire>