valeur;dim_a;gamme_a;modele_a;lmin_n;lmax_n
750;lmin;orcab;f1;;
800;lmin;coop;pf1;;
980;lmin;coop;pf2;;
1500;lmax;orcab;f1;;
1750;lmax;coop;pf1;;
2250;lmax;coop;pf2;;
1550;hmin;orcab;f1;;
2350;hmax;orcab;f1;0;1000
1700;hmax;orcab;f1;1001;1300
1600;hmax;orcab;f1;1301;9999
1550;hmin;coop;pf1;;
2350;hmax;coop;pf1;0;1000
1700;hmax;coop;pf1;1001;1300
1600;hmax;coop;pf1;1301;9999
1500;hmin;coop;pf2;;
2350;hmax;coop;pf2;0;1000
1700;hmax;coop;pf2;1001;1300
1600;hmax;coop;pf2;1301;9999
